Date,Open,High,Low,Close
09/01/2020,3507.44,3528.03,3494.6,3526.65
09/02/2020,3543.76,3588.11,3535.23,3580.84
09/03/2020,3564.74,3564.85,3427.41,3455.06
09/04/2020,3453.6,3479.15,3349.63,3426.96
09/08/2020,3371.88,3379.97,3329.27,3331.84
09/09/2020,3369.82,3424.77,3366.84,3398.96
09/10/2020,3412.56,3425.55,3329.25,3339.19
09/11/2020,3352.7,3368.95,3310.47,3340.97
09/14/2020,3363.56,3402.93,3363.56,3383.54
09/15/2020,3407.73,3419.48,3389.25,3401.2
09/16/2020,3411.23,3428.92,3384.45,3385.49
09/17/2020,3346.86,3375.17,3328.82,3357.01
09/18/2020,3357.38,3362.27,3292.4,3319.47
09/21/2020,3285.57,3285.57,3229.1,3281.06
09/22/2020,3295.75,3320.31,3270.95,3315.57
09/23/2020,3320.11,3323.35,3232.57,3236.92
09/24/2020,3226.14,3278.7,3209.45,3246.59
09/25/2020,3236.66,3306.88,3228.44,3298.46
09/28/2020,3333.9,3360.74,3332.91,3351.6
09/29/2020,3350.92,3357.92,3327.54,3335.47
09/30/2020,3341.21,3393.56,3340.47,3363
10/01/2020,3385.87,3397.18,3361.39,3380.8
10/02/2020,3338.94,3369.1,3323.69,3348.44
10/05/2020,3367.27,3409.57,3367.27,3408.63
10/06/2020,3408.74,3431.56,3354.54,3360.95
10/07/2020,3384.56,3426.26,3384.56,3419.45
10/08/2020,3434.28,3447.28,3428.15,3446.83
10/09/2020,3459.67,3482.34,3458.07,3477.13
10/12/2020,3500.02,3549.85,3499.61,3534.22
10/13/2020,3534.01,3534.01,3500.86,3511.93
10/14/2020,3515.47,3527.94,3480.55,3488.67
10/15/2020,3453.72,3489.08,3440.89,3483.34
10/16/2020,3493.5,3515.76,3480.45,3483.81
10/19/2020,3493.66,3502.42,3419.93,3426.92
10/20/2020,3439.38,3476.93,3435.65,3443.12
10/21/2020,3439.91,3464.86,3433.06,3435.56
10/22/2020,3438.5,3460.53,3415.34,3453.49
10/23/2020,3464.9,3466.46,3440.45,3465.39
10/26/2020,3441.42,3441.42,3364.86,3400.97
10/27/2020,3403.15,3409.51,3388.71,3390.68
10/28/2020,3342.48,3342.48,3268.89,3271.03
10/29/2020,3277.17,3341.05,3259.82,3310.11
10/30/2020,3293.59,3304.93,3233.94,3269.96
11/02/2020,3296.2,3330.14,3279.74,3310.24
11/03/2020,3336.25,3389.49,3336.25,3369.16
11/04/2020,3406.46,3486.25,3405.17,3443.44
11/05/2020,3485.74,3529.05,3485.74,3510.45
11/06/2020,3508.34,3521.58,3484.34,3509.44
11/09/2020,3583.04,3645.99,3547.48,3550.5
11/10/2020,3543.26,3557.22,3511.91,3545.53
11/11/2020,3563.22,3581.16,3557,3572.66
11/12/2020,3562.67,3569.02,3518.58,3537.01
11/13/2020,3552.57,3593.66,3552.57,3585.15
11/16/2020,3600.16,3628.51,3600.16,3626.91
11/17/2020,3610.31,3623.11,3588.68,3609.53
11/18/2020,3612.09,3619.09,3567.33,3567.79
11/19/2020,3559.41,3585.22,3543.84,3581.87
11/20/2020,3579.31,3581.23,3556.85,3557.54
11/23/2020,3566.82,3589.81,3552.77,3577.59
11/24/2020,3594.52,3642.31,3594.52,3635.41
11/25/2020,3635.5,3635.5,3617.76,3629.65
11/27/2020,3638.55,3644.31,3629.33,3638.35
11/30/2020,3634.18,3634.18,3594.39,3621.63
12/01/2020,3645.87,3678.45,3645.87,3662.45
12/02/2020,3653.78,3670.96,3644.84,3669.01
12/03/2020,3668.28,3682.73,3657.17,3666.72
12/04/2020,3670.94,3699.2,3670.94,3699.12
12/07/2020,3694.73,3697.41,3678.88,3691.96
12/08/2020,3683.05,3708.45,3678.83,3702.25
12/09/2020,3705.98,3712.39,3660.54,3672.82
12/10/2020,3659.13,3678.49,3645.18,3668.1
12/11/2020,3656.08,3665.91,3633.4,3663.46
12/14/2020,3675.27,3697.61,3645.84,3647.49
12/15/2020,3666.41,3695.29,3659.62,3694.62
12/16/2020,3696.25,3711.27,3688.57,3701.17
12/17/2020,3713.65,3725.12,3710.87,3722.48
12/18/2020,3722.39,3726.7,3685.84,3709.41
12/21/2020,3684.28,3702.9,3636.48,3694.92
12/22/2020,3698.08,3698.26,3676.16,3687.26
12/23/2020,3693.42,3711.24,3689.28,3690.01
12/24/2020,3694.03,3703.82,3689.32,3703.06
12/28/2020,3723.03,3740.51,3723.03,3735.36
12/29/2020,3750.01,3756.12,3723.31,3727.04
12/30/2020,3736.19,3744.63,3730.21,3732.04
12/31/2020,3733.27,3760.2,3726.88,3756.07
01/04/2021,3764.61,3769.99,3662.71,3700.65
01/05/2021,3698.02,3737.83,3695.07,3726.86
01/06/2021,3712.2,3783.04,3705.34,3748.14
01/07/2021,3764.71,3811.55,3764.71,3803.79
01/08/2021,3815.05,3826.69,3783.6,3824.68
01/11/2021,3803.14,3817.86,3789.02,3799.61
01/12/2021,3801.62,3810.78,3776.51,3801.19
01/13/2021,3802.23,3820.96,3791.5,3809.84
01/14/2021,3814.98,3823.6,3792.86,3795.54
01/15/2021,3788.73,3788.73,3749.62,3768.25
01/19/2021,3781.88,3804.53,3780.37,3798.91
01/20/2021,3816.22,3859.75,3816.22,3851.85
01/21/2021,3857.46,3861.45,3845.05,3853.07
01/22/2021,3844.24,3852.31,3830.41,3841.47
01/25/2021,3851.68,3859.23,3797.16,3855.36
01/26/2021,3862.96,3870.9,3847.78,3849.62
01/27/2021,3836.83,3836.83,3732.48,3750.77
01/28/2021,3755.75,3830.5,3755.75,3787.38
01/29/2021,3778.05,3778.05,3694.12,3714.24
02/01/2021,3731.17,3784.32,3725.62,3773.86
02/02/2021,3791.84,3843.09,3791.84,3826.31
02/03/2021,3840.27,3847.51,3816.68,3830.17
02/04/2021,3836.66,3872.42,3836.66,3871.74
02/05/2021,3878.3,3894.56,3874.93,3886.83
02/08/2021,3892.59,3915.77,3892.59,3915.59
02/09/2021,3910.49,3918.35,3902.64,3911.23
02/10/2021,3920.78,3931.5,3884.94,3909.88
02/11/2021,3916.4,3925.99,3890.39,3916.38
02/12/2021,3911.65,3937.23,3905.78,3934.83
02/16/2021,3939.61,3950.43,3923.85,3932.59
02/17/2021,3918.5,3933.61,3900.43,3931.33
02/18/2021,3915.86,3921.98,3885.03,3913.97
02/19/2021,3921.16,3930.41,3903.07,3906.71
02/22/2021,3885.55,3902.92,3874.71,3876.5
02/23/2021,3857.07,3895.98,3805.59,3881.37
02/24/2021,3873.71,3928.65,3859.6,3925.43
02/25/2021,3915.8,3925.02,3814.04,3829.34
02/26/2021,3839.66,3861.08,3789.54,3811.15
03/01/2021,3842.51,3914.5,3842.51,3901.82
03/02/2021,3903.64,3906.41,3868.57,3870.29
03/03/2021,3863.99,3874.47,3818.86,3819.72
03/04/2021,3818.53,3843.67,3723.34,3768.47
03/05/2021,3793.58,3851.69,3730.19,3841.94
03/08/2021,3844.39,3881.06,3819.25,3821.35
03/09/2021,3851.93,3903.76,3851.93,3875.44
03/10/2021,3891.99,3917.35,3885.73,3898.81
03/11/2021,3915.54,3960.27,3915.54,3939.34
03/12/2021,3924.52,3944.99,3915.21,3943.34
03/15/2021,3942.96,3970.08,3923.54,3968.94
03/16/2021,3973.59,3981.04,3953.44,3962.71
03/17/2021,3949.57,3983.87,3935.74,3974.12
03/18/2021,3953.5,3969.62,3910.86,3915.46
03/19/2021,3913.14,3930.12,3886.75,3913.1
03/22/2021,3916.48,3955.31,3914.16,3940.59
03/23/2021,3937.6,3949.13,3901.57,3910.52
03/24/2021,3919.93,3942.08,3889.07,3889.14
03/25/2021,3879.34,3919.54,3853.5,3909.52
03/26/2021,3917.12,3978.19,3917.12,3974.54
03/29/2021,3969.31,3981.83,3943.25,3971.09
03/30/2021,3963.34,3968.01,3944.35,3958.55
03/31/2021,3967.25,3994.41,3966.98,3972.89
04/01/2021,3992.78,4020.63,3992.78,4019.87
04/05/2021,4034.44,4083.42,4034.44,4077.91
04/06/2021,4075.57,4086.23,4068.14,4073.94
04/07/2021,4074.29,4083.13,4068.31,4079.95
04/08/2021,4089.95,4098.19,4082.54,4097.17
04/09/2021,4096.11,4129.48,4095.51,4128.8
04/12/2021,4124.71,4131.76,4114.82,4127.99
04/13/2021,4130.1,4148,4124.43,4141.59
04/14/2021,4141.58,4151.69,4120.87,4124.66
04/15/2021,4139.76,4173.49,4139.76,4170.42
04/16/2021,4174.14,4191.31,4170.75,4185.47
04/19/2021,4179.8,4180.81,4150.47,4163.26
04/20/2021,4159.18,4159.18,4118.38,4134.94
04/21/2021,4128.42,4175.02,4126.35,4173.42
04/22/2021,4170.46,4179.57,4123.69,4134.98
04/23/2021,4138.78,4194.17,4138.78,4180.17
04/26/2021,4185.03,4194.19,4182.36,4187.62
04/27/2021,4188.25,4193.35,4176.22,4186.72
04/28/2021,4185.14,4201.53,4181.78,4183.18
04/29/2021,4206.14,4218.78,4176.81,4211.47
04/30/2021,4198.1,4198.1,4174.85,4181.17
05/03/2021,4191.98,4209.39,4188.03,4192.66
05/04/2021,4179.04,4179.04,4128.59,4164.66
05/05/2021,4177.06,4187.72,4160.94,4167.59
05/06/2021,4169.14,4202.7,4147.33,4201.62
05/07/2021,4210.34,4238.04,4201.64,4232.6
05/10/2021,4228.29,4236.39,4188.13,4188.43
05/11/2021,4150.34,4162.04,4111.53,4152.1
05/12/2021,4130.55,4134.73,4056.88,4063.04
05/13/2021,4074.99,4131.58,4074.99,4112.5
05/14/2021,4129.58,4183.13,4129.58,4173.85
05/17/2021,4169.92,4171.92,4142.69,4163.29
05/18/2021,4165.94,4169.15,4125.99,4127.83
05/19/2021,4098.45,4116.93,4061.41,4115.68
05/20/2021,4121.97,4172.8,4121.97,4159.12
05/21/2021,4168.61,4188.72,4151.72,4155.86
05/24/2021,4170.16,4209.52,4170.16,4197.05
05/25/2021,4205.94,4213.42,4182.52,4188.13
05/26/2021,4191.59,4202.61,4184.11,4195.99
05/27/2021,4201.94,4213.38,4197.78,4200.88
05/28/2021,4210.77,4218.36,4203.57,4204.11
06/01/2021,4216.52,4234.12,4197.59,4202.04
06/02/2021,4206.82,4217.37,4198.27,4208.12
06/03/2021,4191.43,4204.39,4167.93,4192.85
06/04/2021,4206.05,4233.45,4206.05,4229.89
06/07/2021,4229.34,4232.34,4215.66,4226.52
06/08/2021,4233.81,4236.74,4208.41,4227.26
06/09/2021,4232.99,4237.09,4218.74,4219.55
06/10/2021,4228.56,4249.74,4220.34,4239.18
06/11/2021,4242.9,4248.38,4232.25,4247.44
06/14/2021,4248.31,4255.59,4234.07,4255.15
06/15/2021,4255.28,4257.16,4238.35,4246.59
06/16/2021,4248.87,4251.89,4202.45,4223.7
06/17/2021,4220.37,4232.29,4196.05,4221.86
06/18/2021,4204.78,4204.78,4164.4,4166.45
06/21/2021,4173.4,4226.24,4173.4,4224.79
06/22/2021,4224.61,4255.84,4217.27,4246.44
06/23/2021,4249.27,4256.6,4241.43,4241.84
06/24/2021,4256.97,4271.28,4256.97,4266.49
06/25/2021,4274.45,4286.12,4271.16,4280.7
06/28/2021,4284.9,4292.14,4274.67,4290.61
06/29/2021,4293.21,4300.52,4287.04,4291.8
06/30/2021,4290.65,4302.43,4287.96,4297.5
07/01/2021,4300.73,4320.66,4300.73,4319.94
07/02/2021,4326.6,4355.43,4326.6,4352.34
07/06/2021,4356.46,4356.46,4314.37,4343.54
07/07/2021,4351.01,4361.88,4329.79,4358.13
07/08/2021,4321.07,4330.88,4289.37,4320.82
07/09/2021,4329.38,4371.6,4329.38,4369.55
07/12/2021,4372.41,4386.68,4364.03,4384.63
07/13/2021,4381.07,4392.37,4366.92,4369.21
07/14/2021,4380.11,4393.68,4362.36,4374.3
07/15/2021,4369.02,4369.02,4340.7,4360.03
07/16/2021,4367.43,4375.09,4322.53,4327.16
07/19/2021,4296.4,4296.4,4233.13,4258.49
07/20/2021,4265.11,4336.84,4262.05,4323.06
07/21/2021,4331.13,4359.7,4331.13,4358.69
07/22/2021,4361.27,4369.87,4350.06,4367.48
07/23/2021,4381.2,4415.18,4381.2,4411.79
07/26/2021,4409.58,4422.73,4405.45,4422.3
07/27/2021,4416.38,4416.38,4372.51,4401.46
07/28/2021,4402.95,4415.47,4387.01,4400.64
07/29/2021,4403.59,4429.97,4403.59,4419.15
07/30/2021,4395.12,4412.25,4389.65,4395.26
08/02/2021,4406.86,4422.18,4384.81,4387.16
08/03/2021,4392.74,4423.79,4373,4423.15
08/04/2021,4415.95,4416.17,4400.23,4402.66
08/05/2021,4408.86,4429.76,4408.86,4429.1
08/06/2021,4429.07,4440.82,4429.07,4436.52
08/09/2021,4437.77,4439.39,4424.74,4432.35
08/10/2021,4435.79,4445.21,4430.03,4436.75
08/11/2021,4442.18,4449.44,4436.42,4447.7
08/12/2021,4446.08,4461.77,4435.96,4460.83
08/13/2021,4464.84,4468.37,4460.82,4468
08/16/2021,4461.65,4480.26,4437.66,4479.71
08/17/2021,4462.12,4462.12,4417.83,4448.08
08/18/2021,4440.94,4454.32,4397.59,4400.27
08/19/2021,4382.44,4418.61,4367.73,4405.8
08/20/2021,4410.56,4444.35,4406.8,4441.67
08/23/2021,4450.29,4489.88,4450.29,4479.53
08/24/2021,4484.4,4492.81,4482.28,4486.23
08/25/2021,4490.45,4501.71,4485.66,4496.19
08/26/2021,4493.75,4495.9,4468.99,4470
08/27/2021,4474.1,4513.33,4474.1,4509.37
08/30/2021,4513.76,4537.36,4513.76,4528.79
08/31/2021,4529.75,4531.39,4515.8,4522.68
09/01/2021,4528.8,4537.11,4522.02,4524.09
09/02/2021,4534.48,4545.85,4524.66,4536.95
09/03/2021,4532.42,4541.45,4521.3,4535.43
09/07/2021,4535.38,4535.38,4513,4520.03
09/08/2021,4518.09,4521.79,4493.95,4514.07
09/09/2021,4513.02,4529.9,4492.07,4493.28
09/10/2021,4506.92,4520.47,4457.66,4458.58
09/13/2021,4474.81,4492.99,4445.7,4468.73
09/14/2021,4479.33,4485.68,4435.46,4443.05
09/15/2021,4447.49,4486.87,4438.37,4480.7
09/16/2021,4477.09,4485.87,4443.8,4473.75
09/17/2021,4469.74,4471.52,4427.76,4432.99
09/20/2021,4402.95,4402.95,4305.91,4357.73
09/21/2021,4374.45,4394.87,4347.96,4354.19
09/22/2021,4367.43,4416.75,4367.43,4395.64
09/23/2021,4406.75,4465.4,4406.75,4448.98
09/24/2021,4438.04,4463.12,4430.27,4455.48
09/27/2021,4442.12,4457.3,4436.19,4443.11
09/28/2021,4419.54,4419.54,4346.33,4352.63
09/29/2021,4362.41,4385.57,4355.08,4359.46
09/30/2021,4370.67,4382.55,4306.24,4307.54
10/01/2021,4317.16,4375.19,4288.52,4357.04
10/04/2021,4348.84,4355.51,4278.94,4300.46
10/05/2021,4309.87,4369.23,4309.87,4345.72
10/06/2021,4319.57,4365.57,4290.49,4363.55
10/07/2021,4383.73,4429.97,4383.73,4399.76
10/08/2021,4406.51,4412.02,4386.22,4391.34
10/11/2021,4385.44,4415.88,4360.59,4361.19
10/12/2021,4368.31,4374.89,4342.09,4350.65
10/13/2021,4358.01,4372.87,4329.92,4363.8
10/14/2021,4386.75,4439.73,4386.75,4438.26
10/15/2021,4447.69,4475.82,4447.69,4471.37
10/18/2021,4463.72,4488.75,4447.47,4486.46
10/19/2021,4497.34,4520.4,4496.41,4519.63
10/20/2021,4524.42,4540.87,4524.4,4536.19
10/21/2021,4532.24,4551.44,4526.89,4549.78
10/22/2021,4546.12,4559.67,4524,4544.9
10/25/2021,4553.69,4572.62,4537.36,4566.48
10/26/2021,4578.69,4598.53,4569.17,4574.79
10/27/2021,4580.22,4584.57,4551.66,4551.68
10/28/2021,4562.84,4597.55,4562.84,4596.42
10/29/2021,4572.87,4608.08,4567.59,4605.38
11/01/2021,4610.62,4620.34,4595.06,4613.67
11/02/2021,4613.34,4635.15,4613.34,4630.65
11/03/2021,4630.65,4663.46,4621.19,4660.57
11/04/2021,4662.93,4683,4662.59,4680.06
11/05/2021,4699.26,4718.5,4681.32,4697.53
11/08/2021,4701.48,4714.92,4694.39,4701.7
11/09/2021,4707.25,4708.53,4670.87,4685.25
11/10/2021,4670.26,4684.85,4630.86,4646.71
11/11/2021,4659.39,4664.55,4648.31,4649.27
11/12/2021,4655.24,4688.47,4650.77,4682.85
11/15/2021,4689.3,4697.42,4672.86,4682.8
11/16/2021,4679.42,4714.95,4679.42,4700.9
11/17/2021,4701.5,4701.5,4684.41,4688.67
11/18/2021,4700.72,4708.8,4672.78,4704.54
11/19/2021,4708.44,4717.75,4694.22,4697.96
11/22/2021,4712,4743.83,4682.17,4682.94
11/23/2021,4678.48,4699.39,4652.66,4690.7
11/24/2021,4675.78,4702.87,4659.89,4701.46
11/26/2021,4664.63,4664.63,4585.43,4594.62
11/29/2021,4628.75,4672.95,4625.26,4655.27
11/30/2021,4640.25,4646.02,4560,4567
12/01/2021,4602.82,4652.94,4510.27,4513.04
12/02/2021,4504.73,4595.46,4504.73,4577.1
12/03/2021,4589.49,4608.03,4495.12,4538.43
12/06/2021,4548.37,4612.6,4540.51,4591.67
12/07/2021,4631.97,4694.04,4631.97,4686.75
12/08/2021,4690.86,4705.06,4674.52,4701.21
12/09/2021,4691,4695.26,4665.98,4667.45
12/10/2021,4687.64,4713.57,4670.24,4712.02
12/13/2021,4710.3,4710.3,4667.6,4668.97
12/14/2021,4642.99,4660.47,4606.52,4634.09
12/15/2021,4636.46,4712.6,4611.22,4709.85
12/16/2021,4719.13,4731.99,4651.89,4668.67
12/17/2021,4652.5,4666.7,4600.22,4620.64
12/20/2021,4587.9,4587.9,4531.1,4568.02
12/21/2021,4594.96,4651.14,4583.16,4649.23
12/22/2021,4650.36,4697.67,4645.53,4696.56
12/23/2021,4703.96,4740.74,4703.96,4725.79
12/27/2021,4733.99,4791.49,4733.99,4791.19
12/28/2021,4795.49,4807.02,4780.04,4786.35
12/29/2021,4788.64,4804.06,4778.08,4793.06
12/30/2021,4794.23,4808.93,4775.33,4778.73
12/31/2021,4775.21,4786.83,4765.75,4766.18
01/03/2022,4778.14,4796.64,4758.17,4796.56
01/04/2022,4804.51,4818.62,4774.27,4793.54
01/05/2022,4787.99,4797.7,4699.44,4700.58
01/06/2022,4693.39,4725.01,4671.26,4696.05
01/07/2022,4697.66,4707.95,4662.74,4677.03
01/10/2022,4655.34,4673.02,4582.24,4670.29
01/11/2022,4669.14,4714.13,4638.27,4713.07
01/12/2022,4728.59,4748.83,4706.71,4726.35
01/13/2022,4733.56,4744.13,4650.29,4659.03
01/14/2022,4637.99,4665.13,4614.75,4662.85
01/18/2022,4632.24,4632.24,4568.7,4577.11
01/19/2022,4588.03,4611.55,4530.2,4532.76
01/20/2022,4547.35,4602.11,4477.95,4482.73
01/21/2022,4471.38,4494.52,4395.34,4397.94
01/24/2022,4356.32,4417.35,4222.62,4410.13
01/25/2022,4366.64,4411.01,4287.11,4356.45
01/26/2022,4408.43,4453.23,4304.8,4349.93
01/27/2022,4380.58,4428.74,4309.5,4326.51
01/28/2022,4336.19,4432.72,4292.46,4431.85
01/31/2022,4431.79,4516.89,4414.02,4515.55
02/01/2022,4519.57,4550.49,4483.53,4546.54
02/02/2022,4566.39,4595.31,4544.32,4589.38
02/03/2022,4535.41,4542.88,4470.39,4477.44
02/04/2022,4482.79,4539.66,4451.5,4500.53
02/07/2022,4505.75,4521.86,4471.47,4483.87
02/08/2022,4480.02,4531.32,4465.4,4521.54
02/09/2022,4547,4590.03,4547,4587.18
02/10/2022,4553.24,4588.92,4484.31,4504.08
02/11/2022,4506.27,4526.33,4401.41,4418.64
02/14/2022,4412.61,4426.22,4364.84,4401.67
02/15/2022,4429.28,4472.77,4429.28,4471.07
02/16/2022,4455.75,4489.55,4429.68,4475.01
02/17/2022,4456.06,4456.06,4373.81,4380.26
02/18/2022,4384.57,4394.6,4327.22,4348.87
02/22/2022,4332.74,4362.12,4267.11,4304.76
02/23/2022,4324.93,4341.51,4221.51,4225.5
02/24/2022,4155.77,4294.73,4114.65,4288.7
02/25/2022,4298.38,4385.34,4286.83,4384.65
02/28/2022,4354.17,4388.84,4315.12,4373.94
03/01/2022,4363.14,4378.45,4279.54,4306.26
03/02/2022,4322.56,4401.48,4322.56,4386.54
03/03/2022,4401.31,4416.78,4345.56,4363.49
03/04/2022,4342.12,4342.12,4284.98,4328.87
03/07/2022,4327.01,4327.01,4199.85,4201.09
03/08/2022,4202.66,4276.94,4157.87,4170.7
03/09/2022,4223.1,4299.4,4223.1,4277.88
03/10/2022,4252.55,4268.28,4209.8,4259.52
03/11/2022,4279.5,4291.01,4200.49,4204.31
03/14/2022,4202.75,4247.57,4161.72,4173.11
03/15/2022,4188.82,4271.05,4187.9,4262.45
03/16/2022,4288.14,4358.9,4251.99,4357.86
03/17/2022,4345.11,4412.67,4335.65,4411.67
03/18/2022,4407.34,4465.4,4390.57,4463.12
03/21/2022,4462.4,4481.75,4424.3,4461.18
03/22/2022,4469.1,4522,4469.1,4511.61
03/23/2022,4493.1,4501.07,4455.81,4456.24
03/24/2022,4469.98,4520.58,4465.17,4520.16
03/25/2022,4522.91,4546.03,4501.07,4543.06
03/28/2022,4541.09,4575.65,4517.69,4575.52
03/29/2022,4602.86,4637.3,4589.66,4631.6
03/30/2022,4624.2,4627.77,4581.32,4602.45
03/31/2022,4599.02,4603.07,4530.41,4530.41
04/01/2022,4540.32,4548.7,4507.57,4545.86
04/04/2022,4547.97,4583.5,4539.21,4582.64
04/05/2022,4572.45,4593.45,4514.17,4525.12
04/06/2022,4494.17,4503.94,4450.04,4481.15
04/07/2022,4474.65,4521.16,4450.3,4500.21
04/08/2022,4494.15,4520.41,4474.6,4488.28
04/11/2022,4462.64,4464.35,4408.38,4412.53
04/12/2022,4437.59,4471,4381.34,4397.45
04/13/2022,4394.3,4453.92,4392.7,4446.59
04/14/2022,4449.12,4460.46,4390.77,4392.59
04/18/2022,4385.63,4410.31,4370.3,4391.69
04/19/2022,4390.63,4471.03,4390.63,4462.21
04/20/2022,4472.26,4488.29,4448.76,4459.45
04/21/2022,4489.17,4512.94,4384.47,4393.66
04/22/2022,4385.83,4385.83,4267.62,4271.78
04/25/2022,4255.34,4299.02,4200.82,4296.12
04/26/2022,4278.14,4278.14,4175.04,4175.2
04/27/2022,4186.52,4240.71,4162.9,4183.96
04/28/2022,4222.58,4308.45,4188.63,4287.5
04/29/2022,4253.75,4269.68,4124.28,4131.93
05/02/2022,4130.61,4169.81,4062.51,4155.38
05/03/2022,4159.78,4200.1,4147.08,4175.48
05/04/2022,4181.18,4307.66,4148.91,4300.17
05/05/2022,4270.43,4270.43,4106.01,4146.87
05/06/2022,4128.17,4157.69,4067.91,4123.34
05/09/2022,4081.27,4081.27,3975.48,3991.24
05/10/2022,4035.18,4068.82,3958.17,4001.05
05/11/2022,3990.08,4049.09,3928.82,3935.18
05/12/2022,3903.95,3964.8,3858.87,3930.08
05/13/2022,3963.9,4038.88,3963.9,4023.89
05/16/2022,4013.02,4046.46,3983.99,4008.01
05/17/2022,4052,4090.72,4033.93,4088.85
05/18/2022,4051.98,4051.98,3911.91,3923.68
05/19/2022,3899,3945.96,3876.58,3900.79
05/20/2022,3927.76,3943.42,3810.32,3901.36
05/23/2022,3919.42,3981.88,3909.04,3973.75
05/24/2022,3942.94,3955.68,3875.13,3941.48
05/25/2022,3929.59,3999.33,3925.03,3978.73
05/26/2022,3984.6,4075.14,3984.6,4057.84
05/27/2022,4077.25,4158.49,4077.43,4158.24
05/31/2022,4151.09,4168.34,4104.88,4132.15
06/01/2022,4149.78,4166.54,4073.85,4101.23
06/02/2022,4095.41,4177.51,4074.37,4176.82
06/03/2022,4137.57,4142.67,4098.67,4108.54
06/06/2022,4134.72,4168.78,4109.18,4121.43
06/07/2022,4096.47,4164.86,4080.19,4160.68
06/08/2022,4147.12,4160.14,4107.2,4115.77
06/09/2022,4101.65,4119.1,4017.17,4017.82
06/10/2022,3974.39,3974.39,3900.16,3900.86
06/13/2022,3838.15,3838.15,3734.3,3749.63
06/14/2022,3763.52,3778.18,3705.68,3735.48
06/15/2022,3764.05,3837.56,3722.3,3789.99
06/16/2022,3728.18,3728.18,3639.77,3666.77
06/17/2022,3665.9,3707.71,3636.87,3674.84
06/21/2022,3715.31,3779.65,3715.31,3764.79
06/22/2022,3733.89,3801.79,3717.69,3759.89
06/23/2022,3774.71,3802.58,3743.52,3795.73
06/24/2022,3821.75,3913.65,3821.75,3911.74
06/27/2022,3920.76,3927.72,3889.66,3900.11
06/28/2022,3913,3945.86,3820.14,3821.55
06/29/2022,3825.09,3836.5,3799.02,3818.83
06/30/2022,3785.99,3818.99,3738.67,3785.38
07/01/2022,3781.08,3829.82,3752.1,3825.33
07/05/2022,3792.61,3832.19,3742.06,3831.39
07/06/2022,3831.98,3870.91,3809.37,3845.08
07/07/2022,3858.85,3910.63,3858.85,3902.62
07/08/2022,3888.26,3918.5,3869.34,3899.38
07/11/2022,3880.94,3880.94,3847.22,3854.43
07/12/2022,3851.95,3873.41,3802.36,3818.8
07/13/2022,3779.67,3829.44,3759.07,3801.78
07/14/2022,3763.99,3796.41,3721.56,3790.38
07/15/2022,3818,3863.62,3817.18,3863.16
07/18/2022,3883.79,3902.44,3818.63,3830.85
07/19/2022,3860.73,3939.81,3860.73,3936.69
07/20/2022,3935.32,3974.13,3922.03,3959.9
07/21/2022,3955.47,3999.29,3927.64,3998.95
07/22/2022,3998.43,4012.44,3938.86,3961.63
07/25/2022,3965.72,3975.3,3943.46,3966.84
07/26/2022,3953.22,3953.22,3910.74,3921.05
07/27/2022,3951.43,4039.56,3951.43,4023.61
07/28/2022,4026.13,4078.95,3992.97,4072.43
07/29/2022,4087.33,4140.15,4079.22,4130.29
08/01/2022,4112.38,4144.95,4096.02,4118.63
08/02/2022,4104.21,4140.47,4079.81,4091.19
08/03/2022,4107.96,4167.66,4107.96,4155.17
08/04/2022,4154.85,4161.29,4135.42,4151.94
08/05/2022,4115.87,4151.58,4107.31,4145.19
08/08/2022,4155.93,4186.62,4128.97,4140.06
08/09/2022,4133.11,4137.3,4112.09,4122.47
08/10/2022,4181.02,4211.03,4177.26,4210.24
08/11/2022,4227.4,4257.91,4201.41,4207.27
08/12/2022,4225.02,4280.47,4219.78,4280.15
08/15/2022,4269.37,4301.79,4256.9,4297.14
08/16/2022,4290.46,4325.28,4277.77,4305.2
08/17/2022,4280.4,4302.18,4253.08,4274.04
08/18/2022,4273.13,4292.53,4261.98,4283.74
08/19/2022,4266.31,4266.31,4218.7,4228.48
08/22/2022,4195.08,4195.08,4129.86,4137.99
08/23/2022,4133.09,4159.77,4124.03,4128.73
08/24/2022,4126.55,4156.56,4119.97,4140.77
08/25/2022,4153.26,4200.54,4147.59,4199.12
08/26/2022,4198.74,4203.04,4057.66,4057.66
08/29/2022,4034.58,4062.99,4017.42,4030.61
08/30/2022,4041.25,4044.98,3965.21,3986.16
08/31/2022,4000.67,4015.37,3954.53,3955
09/01/2022,3936.73,3970.23,3903.65,3966.85
09/02/2022,3996.39,4018.43,3906.21,3924.26
09/06/2022,3930.89,3942.55,3886.75,3908.19
09/07/2022,3909.43,3987.89,3906.03,3979.87
09/08/2022,3959.94,4010.5,3944.81,4006.18
09/09/2022,4022.94,4076.81,4022.94,4067.36
09/12/2022,4083.67,4119.28,4083.67,4110.41
09/13/2022,4037.12,4037.12,3921.28,3932.69
09/14/2022,3940.73,3961.94,3912.18,3946.01
09/15/2022,3932.41,3959.14,3888.28,3901.35
09/16/2022,3880.95,3880.95,3837.08,3873.33
09/19/2022,3849.91,3900.45,3838.5,3899.89
09/20/2022,3875.23,3876.01,3827.54,3855.93
09/21/2022,3871.4,3907.07,3789.49,3789.93
09/22/2022,3782.36,3790.9,3749.45,3757.99
09/23/2022,3727.14,3727.14,3647.47,3693.23
09/26/2022,3682.72,3715.67,3644.76,3655.04
09/27/2022,3686.44,3717.53,3623.29,3647.29
09/28/2022,3651.94,3736.74,3640.61,3719.04
09/29/2022,3687.01,3687.01,3610.4,3640.47
09/30/2022,3633.48,3671.44,3584.13,3585.62
10/03/2022,3609.78,3698.35,3604.93,3678.43
10/04/2022,3726.46,3791.92,3726.46,3790.93
10/05/2022,3753.25,3806.91,3722.66,3783.28
10/06/2022,3771.97,3797.93,3739.22,3744.52
10/07/2022,3706.74,3706.74,3620.73,3639.66
10/10/2022,3647.51,3652.17,3588.1,3612.39
10/11/2022,3595.86,3640.66,3568.45,3588.84
10/12/2022,3590.83,3608.34,3573.86,3577.03
10/13/2022,3520.37,3685.41,3491.58,3669.91
10/14/2022,3690.41,3712,3579.68,3583.07
10/17/2022,3638.65,3689.73,3638.65,3677.95
10/18/2022,3746.26,3762.79,3686.53,3719.98
10/19/2022,3703.11,3728.58,3666.51,3695.16
10/20/2022,3689.05,3736,3656.44,3665.78
10/21/2022,3657.1,3757.89,3647.42,3752.75
10/24/2022,3762.01,3810.74,3741.65,3797.34
10/25/2022,3799.44,3862.85,3799.44,3859.11
10/26/2022,3825.97,3886.15,3824.07,3830.6
10/27/2022,3834.69,3859.95,3803.79,3807.3
10/28/2022,3808.26,3905.42,3808.26,3901.06
10/31/2022,3881.85,3893.73,3863.18,3871.98
11/01/2022,3901.79,3911.79,3843.8,3856.1
11/02/2022,3852.9,3894.44,3758.68,3759.69
11/03/2022,3733.25,3750.59,3698.15,3719.89
11/04/2022,3766.98,3796.34,3708.84,3770.55
11/07/2022,3780.71,3813.95,3764.7,3806.8
11/08/2022,3817.02,3859.4,3786.28,3828.11
11/09/2022,3810.94,3818.2,3744.22,3748.57
11/10/2022,3859.89,3958.33,3859.89,3956.37
11/11/2022,3963.72,4001.48,3944.82,3992.93
11/14/2022,3977.97,4008.97,3956.4,3957.25
11/15/2022,4006.41,4028.84,3953.17,3991.73
11/16/2022,3976.82,3983.09,3954.34,3958.79
11/17/2022,3919.26,3954.33,3906.54,3946.56
11/18/2022,3966.39,3979.89,3935.98,3965.34
11/21/2022,3956.23,3962,3933.34,3949.94
11/22/2022,3965.51,4005.88,3956.88,4003.58
11/23/2022,4001.02,4033.78,3998.66,4027.26
11/25/2022,4023.34,4034.02,4020.76,4026.12
11/28/2022,4005.36,4012.27,3955.77,3963.94
11/29/2022,3964.19,3976.77,3937.65,3957.63
11/30/2022,3957.18,4080.11,3938.58,4080.11
12/01/2022,4087.14,4100.51,4050.87,4076.57
12/02/2022,4040.17,4080.48,4026.63,4071.7
12/05/2022,4052.02,4052.45,3984.49,3998.84
12/06/2022,3996.63,4001.51,3918.39,3941.26
12/07/2022,3933.28,3957.57,3922.68,3933.92
12/08/2022,3947.79,3974.19,3935.83,3963.51
12/09/2022,3954.17,3977.02,3933.04,3934.38
12/12/2022,3939.29,3990.71,3935.3,3990.56
12/13/2022,4069.38,4100.96,3993.03,4019.65
12/14/2022,4015.54,4053.76,3965.65,3995.32
12/15/2022,3958.37,3958.37,3879.45,3895.75
12/16/2022,3890.91,3890.91,3827.91,3852.36
12/19/2022,3853.79,3854.86,3800.04,3817.66
12/20/2022,3810.47,3838.24,3795.62,3821.62
12/21/2022,3839.49,3889.82,3839.49,3878.44
12/22/2022,3853.26,3853.26,3764.49,3822.39
12/23/2022,3813.11,3845.8,3797.01,3844.82
12/27/2022,3843.34,3846.65,3813.22,3829.25
12/28/2022,3829.56,3848.32,3780.78,3783.22
12/29/2022,3805.45,3858.19,3805.45,3849.28
12/30/2022,3828.85,3839.85,3800.34,3839.5
01/03/2023,3853.29,3878.46,3794.33,3824.14
01/04/2023,3840.36,3873.16,3815.77,3852.97
01/05/2023,3839.74,3839.74,3802.42,3808.1
01/06/2023,3823.37,3906.19,3809.56,3895.08
01/09/2023,3910.82,3950.57,3890.42,3892.09
01/10/2023,3888.57,3919.83,3877.29,3919.25
01/11/2023,3932.35,3970.07,3928.54,3969.61
01/12/2023,3977.57,3997.76,3937.56,3983.17
01/13/2023,3960.32,4003.95,3947.67,3999.09
01/17/2023,3999.28,4015.39,3984.57,3990.97
01/18/2023,4002.25,4014.16,3926.59,3928.86
01/19/2023,3911.84,3922.94,3885.54,3898.85
01/20/2023,3909.04,3972.96,3897.86,3972.61
01/23/2023,3978.14,4039.31,3971.64,4019.81
01/24/2023,4001.74,4023.92,3989.79,4016.95
01/25/2023,3982.71,4019.55,3949.06,4016.22
01/26/2023,4036.08,4061.57,4013.29,4060.43
01/27/2023,4053.72,4094.21,4048.7,4070.56
01/30/2023,4049.27,4063.85,4015.55,4017.77
01/31/2023,4020.85,4077.16,4020.44,4076.6
02/01/2023,4070.07,4148.95,4037.2,4119.21
02/02/2023,4158.68,4195.44,4141.88,4179.76
02/03/2023,4136.69,4182.36,4123.36,4136.48
02/06/2023,4119.57,4124.63,4093.38,4111.08
02/07/2023,4105.35,4176.54,4088.39,4164
02/08/2023,4153.47,4156.85,4111.67,4117.86
02/09/2023,4144.25,4156.23,4069.67,4081.5
02/10/2023,4068.92,4094.36,4060.79,4090.46
02/13/2023,4096.62,4138.9,4092.67,4137.29
02/14/2023,4126.7,4159.77,4095.01,4136.13
02/15/2023,4119.5,4148.11,4103.98,4147.6
02/16/2023,4114.75,4136.54,4089.49,4090.41
02/17/2023,4077.73,4081.51,4047.95,4079.09
02/21/2023,4052.35,4052.35,3995.19,3997.34
02/22/2023,4001.83,4017.37,3976.9,3991.05
02/23/2023,4018.6,4028.3,3969.19,4012.32
02/24/2023,3973.24,3978.25,3943.08,3970.04
02/27/2023,3992.36,4018.05,3973.55,3982.24
02/28/2023,3977.19,3997.5,3968.98,3970.15
03/01/2023,3963.34,3971.73,3939.05,3951.39
03/02/2023,3938.68,3990.84,3928.16,3981.35
03/03/2023,3998.02,4048.29,3995.17,4045.64
03/06/2023,4055.15,4078.49,4044.61,4048.42
03/07/2023,4048.26,4050,3980.31,3986.37
03/08/2023,3987.55,4000.41,3969.76,3992.01
03/09/2023,3998.66,4017.81,3908.7,3918.32
03/10/2023,3912.77,3934.05,3846.32,3861.59
03/13/2023,3835.12,3905.05,3808.86,3855.76
03/14/2023,3894.01,3937.29,3873.63,3919.29
03/15/2023,3876.74,3894.26,3838.24,3891.93
03/16/2023,3878.93,3964.46,3864.11,3960.28
03/17/2023,3958.69,3958.91,3901.27,3916.64
03/20/2023,3917.47,3956.62,3916.89,3951.57
03/21/2023,3975.89,4009.08,3971.19,4002.87
03/22/2023,4002.04,4039.49,3936.17,3936.97
03/23/2023,3959.21,4007.66,3919.05,3948.72
03/24/2023,3939.21,3972.74,3909.16,3970.99
03/27/2023,3982.93,4003.83,3970.49,3977.53
03/28/2023,3974.13,3979.2,3951.53,3971.27
03/29/2023,3999.53,4030.59,3999.53,4027.81
03/30/2023,4046.74,4057.85,4032.1,4050.83
03/31/2023,4056.18,4110.75,4056.18,4109.31
04/03/2023,4102.2,4127.66,4098.79,4124.51
04/04/2023,4128.03,4133.13,4086.87,4100.6
04/05/2023,4094.5,4099.69,4072.56,4090.38
04/06/2023,4081.58,4107.32,4069.84,4105.02
04/10/2023,4085.2,4109.5,4072.55,4109.11
04/11/2023,4110.29,4124.26,4102.61,4108.94
04/12/2023,4121.72,4134.37,4086.94,4091.95
04/13/2023,4100.04,4150.26,4099.4,4146.22
04/14/2023,4140.11,4163.19,4113.2,4137.64
04/17/2023,4137.17,4151.72,4123.18,4151.32
04/18/2023,4164.26,4169.48,4140.36,4154.87
04/19/2023,4139.33,4162.57,4134.49,4154.52
04/20/2023,4130.48,4148.57,4114.57,4129.79
04/21/2023,4132.14,4138.02,4113.86,4133.52
04/24/2023,4132.07,4142.41,4117.77,4137.04
04/25/2023,4126.43,4126.43,4071.38,4071.63
04/26/2023,4087.78,4089.67,4049.35,4055.99
04/27/2023,4075.29,4138.24,4075.29,4135.35
04/28/2023,4129.63,4170.06,4127.18,4169.48
05/01/2023,4166.79,4186.92,4164.12,4167.87
05/02/2023,4164.1,4164.1,4089.72,4119.58
05/03/2023,4122.25,4148.3,4088.86,4090.75
05/04/2023,4082.55,4082.61,4048.28,4061.22
05/05/2023,4084.73,4147.02,4084.73,4136.25
05/08/2023,4136.98,4142.3,4123.81,4138.12
05/09/2023,4124.25,4130.35,4116.65,4119.17
05/10/2023,4143.74,4154.28,4098.92,4137.64
05/11/2023,4132.24,4132.8,4109.29,4130.62
05/12/2023,4138.54,4143.74,4099.12,4124.08
05/15/2023,4126.65,4141.25,4110.27,4136.28
05/16/2023,4127.95,4135.54,4109.86,4109.9
05/17/2023,4122.85,4164.67,4113.62,4158.77
05/18/2023,4157.68,4202.2,4153.5,4198.05
05/19/2023,4204.15,4212.91,4180.2,4191.98
05/22/2023,4190.78,4209.22,4179.68,4192.63
05/23/2023,4176.8,4185.68,4142.54,4145.58
05/24/2023,4132.96,4132.96,4103.98,4115.24
05/25/2023,4155.71,4165.74,4129.73,4151.28
05/26/2023,4155.98,4212.87,4156.16,4205.45
05/30/2023,4226.71,4231.1,4192.18,4205.52
05/31/2023,4190.74,4195.44,4166.15,4179.83
06/01/2023,4183.03,4232.43,4171.64,4221.02
06/02/2023,4241.01,4290.67,4241.01,4282.37
06/05/2023,4282.99,4299.28,4266.82,4273.79
06/06/2023,4271.34,4288.33,4263.09,4283.85
06/07/2023,4285.47,4299.19,4263.96,4267.52
06/08/2023,4268.69,4298.01,4261.07,4293.93
06/09/2023,4304.88,4322.62,4291.7,4298.86
06/12/2023,4308.32,4340.13,4304.37,4338.93
06/13/2023,4352.61,4375.37,4349.31,4369.01
06/14/2023,4366.29,4391.82,4337.85,4372.59
06/15/2023,4365.33,4439.2,4362.6,4425.84
06/16/2023,4442.7,4448.47,4407.44,4409.59
06/20/2023,4396.11,4400.15,4367.19,4388.71
06/21/2023,4380.01,4386.22,4360.14,4365.69
06/22/2023,4355.4,4382.25,4351.82,4381.89
06/23/2023,4354.17,4366.55,4341.34,4348.33
06/26/2023,4344.84,4362.06,4328.08,4328.82
06/27/2023,4337.36,4384.42,4335,4378.41
06/28/2023,4367.48,4390.35,4360.22,4376.86
06/29/2023,4374.94,4398.39,4371.97,4396.44
06/30/2023,4422.44,4458.48,4422.44,4450.38
07/03/2023,4449.45,4456.46,4442.29,4455.59
07/05/2023,4442.04,4454.06,4436.61,4446.82
07/06/2023,4422.62,4422.62,4385.05,4411.59
07/07/2023,4404.54,4440.39,4397.4,4398.95
07/10/2023,4394.23,4412.6,4389.92,4409.53
07/11/2023,4415.55,4443.64,4408.46,4439.26
07/12/2023,4467.69,4488.34,4463.23,4472.16
07/13/2023,4491.5,4517.38,4489.36,4510.04
07/14/2023,4514.61,4527.76,4499.56,4505.42
07/17/2023,4508.86,4532.85,4504.9,4522.79
07/18/2023,4521.78,4562.3,4514.59,4554.98
07/19/2023,4563.87,4578.43,4557.48,4565.72
07/20/2023,4554.38,4564.74,4527.56,4534.87
07/21/2023,4550.16,4555,4535.79,4536.34
07/24/2023,4543.39,4563.41,4541.29,4554.64
07/25/2023,4555.19,4580.62,4552.42,4567.46
07/26/2023,4558.96,4582.47,4547.58,4566.75
07/27/2023,4598.26,4607.07,4528.56,4537.41
07/28/2023,4565.75,4590.16,4564.01,4582.23
07/31/2023,4584.82,4594.22,4573.14,4588.96
08/01/2023,4578.83,4584.62,4567.53,4576.73
08/02/2023,4550.93,4550.93,4505.75,4513.39
08/03/2023,4494.27,4519.49,4485.54,4501.89
08/04/2023,4513.96,4540.34,4474.55,4478.03
08/07/2023,4491.58,4519.84,4491.15,4518.44
08/08/2023,4498.03,4503.31,4464.39,4499.38
08/09/2023,4501.57,4502.44,4461.33,4467.71
08/10/2023,4487.16,4527.37,4457.92,4468.83
08/11/2023,4450.69,4476.23,4443.98,4464.05
08/14/2023,4458.13,4490.33,4453.44,4489.72
08/15/2023,4478.87,4478.87,4432.19,4437.86
08/16/2023,4433.79,4449.95,4403.55,4404.33
08/17/2023,4416.32,4421.17,4364.83,4370.36
08/18/2023,4344.88,4381.82,4335.31,4369.71
08/21/2023,4380.28,4407.55,4360.3,4399.77
08/22/2023,4415.33,4418.59,4382.77,4387.55
08/23/2023,4396.44,4443.18,4396.44,4436.01
08/24/2023,4455.16,4458.3,4375.55,4376.31
08/25/2023,4389.38,4418.46,4356.29,4405.71
08/28/2023,4426.03,4439.56,4414.98,4433.31
08/29/2023,4432.75,4500.14,4431.68,4497.63
08/30/2023,4500.34,4521.65,4493.59,4514.87
08/31/2023,4517.01,4532.26,4507.39,4507.66
09/01/2023,4530.85,4541.25,4501.35,4515.77
09/05/2023,4510.06,4514.29,4496.01,4496.83
09/06/2023,4490.35,4490.35,4442.38,4465.48
09/07/2023,4434.55,4457.81,4430.46,4451.14
09/08/2023,4451.3,4473.53,4448.38,4457.49
09/11/2023,4480.98,4490.77,4467.89,4487.46
09/12/2023,4473.27,4487.11,4456.83,4461.9
09/13/2023,4462.65,4479.39,4453.52,4467.44
09/14/2023,4487.78,4511.99,4478.69,4505.1
09/15/2023,4497.98,4497.98,4447.21,4450.32
09/18/2023,4445.13,4466.36,4442.11,4453.53
09/19/2023,4445.41,4449.85,4416.61,4443.95
09/20/2023,4452.81,4461.03,4401.38,4402.2
09/21/2023,4374.36,4375.7,4329.17,4330
09/22/2023,4341.74,4357.4,4316.49,4320.06
09/25/2023,4310.62,4338.51,4302.7,4337.44
09/26/2023,4312.88,4313.01,4265.98,4273.53
09/27/2023,4282.63,4292.07,4238.63,4274.51
09/28/2023,4269.65,4317.27,4264.38,4299.7
09/29/2023,4328.18,4333.15,4274.86,4288.05
10/02/2023,4284.52,4300.58,4260.21,4288.39
10/03/2023,4269.75,4281.15,4216.45,4229.45
10/04/2023,4233.83,4268.5,4220.48,4263.75
10/05/2023,4259.31,4267.13,4225.91,4258.19
10/06/2023,4234.79,4324.1,4219.55,4308.5
10/09/2023,4289.02,4341.73,4283.79,4335.66
10/10/2023,4339.75,4385.46,4339.64,4358.24
10/11/2023,4366.59,4378.64,4345.34,4376.95
10/12/2023,4380.94,4385.85,4325.43,4349.61
10/13/2023,4360.49,4377.1,4311.97,4327.78
10/16/2023,4342.37,4383.33,4342.37,4373.63
10/17/2023,4345.23,4393.57,4337.54,4373.2
10/18/2023,4357.35,4364.2,4303.84,4314.6
10/19/2023,4321.36,4339.54,4269.69,4278
10/20/2023,4273.85,4276.56,4223.03,4224.16
10/23/2023,4210.4,4255.84,4189.22,4217.04
10/24/2023,4235.79,4259.38,4219.43,4247.68
10/25/2023,4232.42,4232.42,4181.42,4186.77
10/26/2023,4175.99,4183.6,4127.9,4137.23
10/27/2023,4152.93,4156.7,4103.78,4117.37
10/30/2023,4139.39,4177.47,4132.94,4166.82
10/31/2023,4171.33,4195.55,4153.12,4193.8
11/01/2023,4201.27,4245.64,4197.74,4237.86
11/02/2023,4268.26,4319.72,4268.26,4317.78
11/03/2023,4334.23,4373.62,4334.23,4358.34
11/06/2023,4364.27,4372.21,4347.53,4365.98
11/07/2023,4366.21,4386.26,4355.41,4378.38
11/08/2023,4384.37,4391.2,4359.76,4382.78
11/09/2023,4391.41,4393.4,4343.94,4347.35
11/10/2023,4364.15,4418.03,4353.34,4415.24
11/13/2023,4406.66,4421.76,4393.82,4411.55
11/14/2023,4458.97,4508.67,4458.97,4495.7
11/15/2023,4505.3,4521.17,4495.31,4502.88
11/16/2023,4497.08,4511.99,4487.83,4508.24
11/17/2023,4509.55,4520.12,4499.66,4514.02
11/20/2023,4511.7,4557.11,4510.36,4547.38
11/21/2023,4538.77,4542.14,4525.51,4538.19
11/22/2023,4553.04,4568.43,4545.05,4556.62
11/24/2023,4555.84,4560.31,4552.8,4559.34
11/27/2023,4554.86,4560.52,4546.32,4550.43
11/28/2023,4545.55,4568.14,4540.51,4554.89
11/29/2023,4571.84,4587.64,4547.15,4550.58
11/30/2023,4554.87,4569.89,4537.24,4567.8
12/01/2023,4559.43,4599.39,4554.71,4594.63
12/04/2023,4564.37,4572.37,4546.72,4569.78
12/05/2023,4557.25,4578.56,4551.68,4567.18
12/06/2023,4586.23,4590.74,4546.5,4549.34
12/07/2023,4568.84,4590.92,4565.22,4585.59
12/08/2023,4576.2,4609.23,4574.06,4604.37
12/11/2023,4593.39,4623.71,4593.39,4622.44
12/12/2023,4618.3,4643.93,4608.09,4643.7
12/13/2023,4646.2,4709.69,4643.23,4707.09
12/14/2023,4721.04,4738.57,4694.34,4719.55
12/15/2023,4714.23,4725.53,4704.69,4719.19
12/18/2023,4725.58,4749.52,4725.58,4740.56
12/19/2023,4743.72,4768.69,4743.72,4768.37
12/20/2023,4764.73,4778.01,4697.82,4698.35
12/21/2023,4724.29,4748.71,4708.35,4746.75
12/22/2023,4753.92,4772.94,4736.77,4754.63
12/26/2023,4758.86,4784.72,4758.45,4774.75
12/27/2023,4773.45,4785.39,4768.9,4781.58
12/28/2023,4786.44,4793.3,4780.98,4783.35
12/29/2023,4782.88,4788.43,4751.99,4769.83
01/02/2024,4745.2,4754.33,4722.67,4742.83
01/03/2024,4725.07,4729.29,4699.71,4704.81
01/04/2024,4697.42,4726.78,4687.53,4688.68
01/05/2024,4690.57,4721.49,4682.11,4697.24
01/08/2024,4703.7,4764.54,4699.82,4763.54
01/09/2024,4741.93,4765.47,4730.35,4756.5
01/10/2024,4759.94,4790.8,4756.2,4783.45
01/11/2024,4792.13,4798.5,4739.58,4780.24
01/12/2024,4791.18,4802.4,4768.98,4783.83
01/16/2024,4772.35,4782.34,4747.12,4765.98
01/17/2024,4739.13,4744.23,4714.82,4739.21
01/18/2024,4760.1,4785.79,4740.57,4780.94
01/19/2024,4796.28,4842.07,4785.87,4839.81
01/22/2024,4853.42,4868.41,4844.05,4850.43
01/23/2024,4856.8,4866.48,4844.37,4864.6
01/24/2024,4888.56,4903.68,4865.94,4868.55
01/25/2024,4886.66,4898.15,4869.34,4894.16
01/26/2024,4888.91,4906.69,4881.47,4890.97
01/29/2024,4892.95,4929.31,4887.4,4927.93
01/30/2024,4925.89,4931.09,4916.27,4924.97
01/31/2024,4899.19,4906.75,4845.15,4845.65
02/01/2024,4861.11,4906.97,4853.52,4906.19
02/02/2024,4916.06,4975.29,4907.99,4958.61
02/05/2024,4957.19,4957.19,4918.09,4942.81
02/06/2024,4950.16,4957.77,4934.88,4954.23
02/07/2024,4973.05,4999.89,4969.05,4995.06
02/08/2024,4995.16,5000.4,4987.09,4997.91
02/09/2024,5004.17,5030.06,5000.34,5026.61
02/12/2024,5026.83,5048.39,5016.83,5021.84
02/13/2024,4967.94,4971.3,4920.31,4953.17
02/14/2024,4976.44,5002.52,4956.45,5000.62
02/15/2024,5003.14,5032.72,4999.44,5029.73
02/16/2024,5031.13,5038.7,4999.52,5005.57
02/20/2024,4989.32,4993.71,4955.02,4975.51
02/21/2024,4963.03,4983.21,4946,4981.8
02/22/2024,5038.83,5094.39,5038.83,5087.03
02/23/2024,5100.92,5111.06,5081.46,5088.8
02/26/2024,5093,5097.66,5068.91,5069.53
02/27/2024,5074.6,5080.69,5057.29,5078.18
02/28/2024,5067.2,5077.37,5058.35,5069.76
02/29/2024,5085.36,5104.99,5061.89,5096.27
03/01/2024,5098.51,5140.33,5094.16,5137.08
03/04/2024,5130.99,5149.67,5127.18,5130.95
03/05/2024,5110.52,5114.54,5056.82,5078.65
03/06/2024,5108.03,5127.97,5092.22,5104.76
03/07/2024,5132.38,5165.62,5128.21,5157.36
03/08/2024,5164.46,5189.26,5117.5,5123.69
03/11/2024,5111.96,5124.66,5091.14,5117.94
03/12/2024,5134.3,5179.87,5114.48,5175.27
03/13/2024,5173.49,5179.14,5151.88,5165.31
03/14/2024,5175.14,5176.85,5123.3,5150.48
03/15/2024,5123.31,5136.86,5104.35,5117.09
03/18/2024,5154.77,5175.6,5145.47,5149.42
03/19/2024,5139.09,5180.31,5131.59,5178.51
03/20/2024,5181.69,5226.19,5171.55,5224.62
03/21/2024,5253.43,5261.1,5240.66,5241.53
03/22/2024,5242.48,5246.09,5229.87,5234.18
03/25/2024,5219.52,5229.09,5216.09,5218.19
03/26/2024,5228.85,5235.16,5203.42,5203.58
03/27/2024,5226.31,5249.26,5213.92,5248.49
03/28/2024,5248.03,5264.85,5245.82,5254.35
04/01/2024,5257.97,5263.95,5229.2,5243.77
04/02/2024,5204.29,5208.34,5184.05,5205.81
04/03/2024,5194.37,5228.75,5194.37,5211.49
04/04/2024,5244.05,5256.59,5146.06,5147.21
04/05/2024,5158.95,5222.18,5157.21,5204.34
04/08/2024,5211.37,5219.57,5197.35,5202.39
04/09/2024,5217.03,5224.81,5160.78,5209.91
04/10/2024,5167.88,5178.43,5138.7,5160.64
04/11/2024,5172.95,5211.78,5138.77,5199.06
04/12/2024,5171.51,5175.03,5107.94,5123.41
04/15/2024,5149.67,5168.43,5052.47,5061.82
04/16/2024,5064.59,5079.84,5039.83,5051.41
04/17/2024,5068.97,5077.96,5007.25,5022.21
04/18/2024,5031.52,5056.66,5001.89,5011.12
04/19/2024,5005.44,5019.02,4953.56,4967.23
04/22/2024,4987.33,5038.84,4969.4,5010.6
04/23/2024,5028.85,5076.12,5027.96,5070.55
04/24/2024,5084.86,5089.48,5047.02,5071.63
04/25/2024,5019.88,5057.75,4990.58,5048.42
04/26/2024,5084.65,5114.62,5073.14,5099.96
04/29/2024,5114.13,5123.49,5088.65,5116.17
04/30/2024,5103.78,5110.83,5035.31,5035.69
05/01/2024,5029.03,5096.12,5013.45,5018.39
05/02/2024,5049.32,5073.21,5011.05,5064.2
05/03/2024,5122.78,5139.12,5101.22,5127.79
05/06/2024,5142.42,5181,5142.42,5180.74
05/07/2024,5187.2,5200.23,5178.96,5187.7
05/08/2024,5168.98,5191.95,5165.86,5187.67
05/09/2024,5189.03,5215.3,5180.41,5214.08
05/10/2024,5225.49,5239.66,5209.68,5222.68
05/13/2024,5233.08,5237.26,5211.16,5221.42
05/14/2024,5221.1,5250.37,5217.98,5246.68
05/15/2024,5263.26,5311.76,5263.26,5308.15
05/16/2024,5310.07,5325.49,5296.19,5297.1
05/17/2024,5303.1,5305.45,5283.59,5303.27
05/20/2024,5305.35,5325.32,5302.4,5308.13
05/21/2024,5298.69,5324.32,5297.87,5321.41
05/22/2024,5319.28,5323.18,5286.01,5307.01
05/23/2024,5340.26,5341.88,5256.93,5267.84
05/24/2024,5281.45,5311.65,5278.39,5304.72
05/28/2024,5315.91,5315.91,5280.89,5306.04
05/29/2024,5278.73,5282.27,5262.7,5266.95
05/30/2024,5259.77,5260.21,5222.1,5235.48
05/31/2024,5243.21,5280.33,5191.68,5277.51
06/03/2024,5297.15,5302.11,5234.32,5283.4
06/04/2024,5278.24,5298.8,5257.63,5291.34
06/05/2024,5314.48,5354.16,5297.64,5354.03
